<?xml version="1.0" encoding="UTF-8"?>
<project-private xmlns="http://www.netbeans.org/ns/project-private/1">
    <data xmlns="http://www.netbeans.org/ns/make-project-private/1">
        <activeConfTypeElem>1</activeConfTypeElem>
        <activeConfIndexElem>0</activeConfIndexElem>
    </data>
    <editor-bookmarks xmlns="http://www.netbeans.org/ns/editor-bookmarks/2" lastBookmarkId="0"/>
    <open-files xmlns="http://www.netbeans.org/ns/projectui-open-files/2">
        <group>
            <file>file:/C:/Users/John%20Haller/Desktop/HallerJohn_CSC17_Fall2018/Homework/Assignment6/Gaddis_9thEd_Chap16_Prob3_MaxMinTemplates/MIN.h</file>
            <file>file:/C:/Users/John%20Haller/Desktop/HallerJohn_CSC17_Fall2018/Homework/Assignment6/Gaddis_9thEd_Chap16_Prob3_MaxMinTemplates/MAX.h</file>
            <file>file:/C:/Users/John%20Haller/Desktop/HallerJohn_CSC17_Fall2018/Homework/Assignment6/Gaddis_9thEd_Chap16_Prob3_MaxMinTemplates/main.cpp</file>
        </group>
    </open-files>
</project-private>
